Grant Year and Amount,Year,Grant Name,Grant Details,Grant Amount
 ,,,,
 ,,,,
 ,,,,
 ,,,,
2018 Durham Oval,2018,Durham Oval,,$7500
2018 N.E. Match Grant,2018,N.E. Match Grant,,$2000
2019 Durham Oval,2019,Durham Oval,,$11800
2020 Durham Oval,2020,Durham Oval,,$1100
2020 N.E. Match Grant,2020,N.E. Match Grant,,$2000
2021 N.E. Match Grant,2021,N.E. Match Grant,,$2000
2022 N.E. Match Grant,2022,N.E. Match Grant,,$2000
"2024 The Garden Club of the Back Bay, Inc.",2024,"The Garden Club of the Back Bay, Inc.","address:  GCGB, Inc.
P.O. Box 991017
Boston, MA  02199
awarded to purchase and plant native plantings",$3000